,AML sample 1,AML sample 2,Healthy sample 1,Healthy sample 2
Probability of AML%,0.9942104816436768,0.9979749321937561,0.1898932307958603,0.0012616472085937858
